<?xml version="1.0"?>
<!--
/**
 * Magento
 *
 * NOTICE OF LICENSE
 *
 * This source file is subject to the Academic Free License (AFL 3.0)
 * that is bundled with this package in the file LICENSE_AFL.txt.
 * It is also available through the world-wide-web at this URL:
 * http://opensource.org/licenses/afl-3.0.php
 * If you did not receive a copy of the license and are unable to
 * obtain it through the world-wide-web, please send an email
 * to license@magento.com so we can send you a copy immediately.
 *
 * DISCLAIMER
 *
 * Do not edit or add to this file if you wish to upgrade Magento to newer
 * versions in the future. If you wish to customize Magento for your
 * needs please refer to http://www.magento.com for more information.
 *
 * @category    Mage
 * @package     Mage_Directory
 * @copyright   Copyright (c) 2006-2014 X.commerce, Inc. (http://www.magento.com)
 * @license     http://opensource.org/licenses/afl-3.0.php  Academic Free License (AFL 3.0)
 */
-->
<config>
    <sections>
        <currency translate="label" module="directory">
            <label>Currency Setup</label>
            <tab>general</tab>
            <sort_order>60</sort_order>
            <show_in_default>1</show_in_default>
            <show_in_website>1</show_in_website>
            <show_in_store>1</show_in_store>
            <groups>
                <options translate="label">
                    <label>Currency Options</label>
                    <sort_order>30</sort_order>
                    <show_in_default>1</show_in_default>
                    <show_in_website>1</show_in_website>
                    <show_in_store>1</show_in_store>
                    <fields>
                        <base translate="label comment">
                            <label>Base Currency</label>
                            <frontend_type>select</frontend_type>
                            <frontend_model>directory/adminhtml_frontend_currency_base</frontend_model>
                            <source_model>adminhtml/system_config_source_currency</source_model>
                            <backend_model>adminhtml/system_config_backend_currency_base</backend_model>
                            <sort_order>1</sort_order>
                            <comment><![CDATA[Base currency is used for all online payment transactions. Scope is defined by the catalog price scope ("Catalog" > "Price" > "Catalog Price Scope").]]></comment>
                            <show_in_default>1</show_in_default>
                            <show_in_website>1</show_in_website>
                            <show_in_store>0</show_in_store>
                        </base>
                        <default translate="label">
                            <label>Default Display Currency</label>
                            <frontend_type>select</frontend_type>
                            <source_model>adminhtml/system_config_source_currency</source_model>
                            <backend_model>adminhtml/system_config_backend_currency_default</backend_model>
                            <sort_order>2</sort_order>
                            <show_in_default>1</show_in_default>
                            <show_in_website>1</show_in_website>
                            <show_in_store>1</show_in_store>
                        </default>
                        <allow translate="label">
                            <label>Allowed Currencies</label>
                            <frontend_type>multiselect</frontend_type>
                            <source_model>adminhtml/system_config_source_currency</source_model>
                            <backend_model>adminhtml/system_config_backend_currency_allow</backend_model>
                            <sort_order>3</sort_order>
                            <show_in_default>1</show_in_default>
                            <show_in_website>1</show_in_website>
                            <show_in_store>1</show_in_store>
                            <can_be_empty>1</can_be_empty>
                        </allow>
                    </fields>
                </options>
                <webservicex translate="label">
                    <label>Webservicex</label>
                    <sort_order>40</sort_order>
                    <show_in_default>1</show_in_default>
                    <show_in_website>0</show_in_website>
                    <show_in_store>0</show_in_store>
                    <fields>
                        <timeout translate="label">
                            <label>Connection Timeout in Seconds</label>
                            <frontend_type>text</frontend_type>
                            <sort_order>0</sort_order>
                            <show_in_default>1</show_in_default>
                            <show_in_website>0</show_in_website>
                            <show_in_store>0</show_in_store>
                        </timeout>
                    </fields>
                </webservicex>
                <import translate="label">
                    <label>Scheduled Import Settings</label>
                    <frontend_type>text</frontend_type>
                    <sort_order>50</sort_order>
                    <show_in_default>1</show_in_default>
                    <show_in_website>0</show_in_website>
                    <show_in_store>0</show_in_store>
                    <fields>
                        <enabled translate="label">
                            <label>Enabled</label>
                            <frontend_type>select</frontend_type>
                            <source_model>adminhtml/system_config_source_yesno</source_model>
                            <sort_order>1</sort_order>
                            <show_in_default>1</show_in_default>
                            <show_in_website>1</show_in_website>
                            <show_in_store>1</show_in_store>
                        </enabled>
                        <error_email translate="label">
                            <label>Error Email Recipient</label>
                            <frontend_type>text</frontend_type>
                            <validate>validate-email</validate>
                            <sort_order>5</sort_order>
                            <show_in_default>1</show_in_default>
                            <show_in_website>1</show_in_website>
                            <show_in_store>1</show_in_store>
                        </error_email>
                        <error_email_identity translate="label">
                            <label>Error Email Sender</label>
                            <frontend_type>select</frontend_type>
                            <source_model>adminhtml/system_config_source_email_identity</source_model>
                            <sort_order>6</sort_order>
                            <show_in_default>1</show_in_default>
                            <show_in_website>1</show_in_website>
                            <show_in_store>0</show_in_store>
                        </error_email_identity>
                        <error_email_template translate="label">
                            <label>Error Email Template</label>
                            <frontend_type>select</frontend_type>
                            <source_model>adminhtml/system_config_source_email_template</source_model>
                            <sort_order>7</sort_order>
                            <show_in_default>1</show_in_default>
                            <show_in_website>1</show_in_website>
                            <show_in_store>0</show_in_store>
                        </error_email_template>
                        <frequency translate="label">
                            <label>Frequency</label>
                            <frontend_type>select</frontend_type>
                            <source_model>adminhtml/system_config_source_cron_frequency</source_model>
                            <sort_order>4</sort_order>
                            <show_in_default>1</show_in_default>
                            <show_in_website>1</show_in_website>
                            <show_in_store>1</show_in_store>
                        </frequency>
                        <service translate="label">
                            <label>Service</label>
                            <frontend_type>select</frontend_type>
                            <source_model>adminhtml/system_config_source_currency_service</source_model>
                            <backend_model>adminhtml/system_config_backend_currency_cron</backend_model>
                            <sort_order>2</sort_order>
                            <show_in_default>1</show_in_default>
                            <show_in_website>1</show_in_website>
                            <show_in_store>1</show_in_store>
                        </service>
                        <time translate="label">
                            <label>Start Time</label>
                            <frontend_type>time</frontend_type>
                            <sort_order>3</sort_order>
                            <show_in_default>1</show_in_default>
                            <show_in_website>1</show_in_website>
                            <show_in_store>1</show_in_store>
                        </time>
                    </fields>
                </import>
            </groups>
        </currency>
        <system>
            <groups>
                <currency translate="label">
                    <label>Currency</label>
                    <frontend_type>text</frontend_type>
                    <sort_order>50</sort_order>
                    <show_in_default>1</show_in_default>
                    <show_in_website>0</show_in_website>
                    <show_in_store>0</show_in_store>
                    <fields>
                        <installed translate="label">
                            <label>Installed Currencies</label>
                            <frontend_type>multiselect</frontend_type>
                            <backend_model>adminhtml/system_config_backend_locale</backend_model>
                            <source_model>adminhtml/system_config_source_locale_currency_all</source_model>
                            <sort_order>1</sort_order>
                            <show_in_default>1</show_in_default>
                            <show_in_website>0</show_in_website>
                            <show_in_store>0</show_in_store>
                            <can_be_empty>1</can_be_empty>
                        </installed>
                    </fields>
                </currency>
            </groups>
        </system>
        <general>
            <groups>
                <country>
                    <fields>
                        <optional_zip_countries translate="label">
                            <label>Postal Code is Optional for the following countries</label>
                            <frontend_type>multiselect</frontend_type>
                            <sort_order>3</sort_order>
                            <source_model>adminhtml/system_config_source_country</source_model>
                            <show_in_default>1</show_in_default>
                            <show_in_website>0</show_in_website>
                            <show_in_store>0</show_in_store>
                            <can_be_empty>1</can_be_empty>
                        </optional_zip_countries>
                    </fields>
                </country>
                <region translate="label">
                    <label>States Options</label>
                    <frontend_type>text</frontend_type>
                    <sort_order>4</sort_order>
                    <show_in_default>1</show_in_default>
                    <show_in_website>0</show_in_website>
                    <show_in_store>0</show_in_store>
                    <fields>
                        <state_required translate="label">
                            <label>State is required for</label>
                            <frontend_type>multiselect</frontend_type>
                            <source_model>adminhtml/system_config_source_country</source_model>
                            <sort_order>1</sort_order>
                            <show_in_default>1</show_in_default>
                            <show_in_website>0</show_in_website>
                            <show_in_store>0</show_in_store>
                        </state_required>
                        <display_all translate="label">
                            <label>Display not required State</label>
                            <frontend_type>select</frontend_type>
                            <source_model>adminhtml/system_config_source_yesno</source_model>
                            <sort_order>8</sort_order>
                            <show_in_default>1</show_in_default>
                            <show_in_website>0</show_in_website>
                            <show_in_store>0</show_in_store>
                        </display_all>
                    </fields>
                </region>
            </groups>
        </general>
    </sections>
</config>
