<?xml version="1.0"?>
<!--
/**
 * Magento
 *
 * NOTICE OF LICENSE
 *
 * This source file is subject to the Academic Free License (AFL 3.0)
 * that is bundled with this package in the file LICENSE_AFL.txt.
 * It is also available through the world-wide-web at this URL:
 * http://opensource.org/licenses/afl-3.0.php
 * If you did not receive a copy of the license and are unable to
 * obtain it through the world-wide-web, please send an email
 * to license@magento.com so we can send you a copy immediately.
 *
 * DISCLAIMER
 *
 * Do not edit or add to this file if you wish to upgrade Magento to newer
 * versions in the future. If you wish to customize Magento for your
 * needs please refer to http://www.magento.com for more information.
 *
 * @category    Mage
 * @package     Mage_GoogleBase
 * @copyright   Copyright (c) 2006-2014 X.commerce, Inc. (http://www.magento.com)
 * @license     http://opensource.org/licenses/afl-3.0.php  Academic Free License (AFL 3.0)
 */
-->
<config>
    <sections>
<!--        <google translate="label" module="googlebase">-->
<!--            <groups>-->
<!--                <googlebase translate="label">-->
<!--                    <label>Google Base</label>-->
<!--                    <frontend_type>text</frontend_type>-->
<!--                    <sort_order>20</sort_order>-->
<!--                    <show_in_default>1</show_in_default>-->
<!--                    <show_in_website>1</show_in_website>-->
<!--                    <show_in_store>1</show_in_store>-->
<!--                    <fields>-->
<!--                        <login translate="label comment">-->
<!--                            <label>Account Login</label>-->
<!--                            <frontend_type>text</frontend_type>-->
<!--                            <sort_order>1</sort_order>-->
<!--                            <show_in_default>1</show_in_default>-->
<!--                            <show_in_website>1</show_in_website>-->
<!--                            <show_in_store>1</show_in_store>-->
<!--                        </login>-->
<!--                        <password translate="label">-->
<!--                            <label>Account Password</label>-->
<!--                            <frontend_type>obscure</frontend_type>-->
<!--                            <backend_model>adminhtml/system_config_backend_encrypted</backend_model>-->
<!--                            <sort_order>2</sort_order>-->
<!--                            <show_in_default>1</show_in_default>-->
<!--                            <show_in_website>1</show_in_website>-->
<!--                            <show_in_store>1</show_in_store>-->
<!--                        </password>-->
<!--                        <account_type translate="label">-->
<!--                            <label>Account Type</label>-->
<!--                            <frontend_type>select</frontend_type>-->
<!--                            <source_model>googlebase/source_accounttype</source_model>-->
<!--                            <sort_order>3</sort_order>-->
<!--                            <show_in_default>1</show_in_default>-->
<!--                            <show_in_website>1</show_in_website>-->
<!--                            <show_in_store>1</show_in_store>-->
<!--                        </account_type>-->
<!--                        <target_country translate="label">-->
<!--                            <label>Target Country</label>-->
<!--                            <frontend_type>select</frontend_type>-->
<!--                            <source_model>googlebase/source_country</source_model>-->
<!--                            <sort_order>90</sort_order>-->
<!--                            <show_in_default>1</show_in_default>-->
<!--                            <show_in_website>1</show_in_website>-->
<!--                            <show_in_store>1</show_in_store>-->
<!--                        </target_country>-->
<!--                        <observed translate="label">-->
<!--                            <label>Update Google Base Item when Product is Updated</label>-->
<!--                            <frontend_type>select</frontend_type>-->
<!--                            <source_model>adminhtml/system_config_source_yesno</source_model>-->
<!--                            <sort_order>100</sort_order>-->
<!--                            <show_in_default>1</show_in_default>-->
<!--                            <show_in_website>1</show_in_website>-->
<!--                            <show_in_store>1</show_in_store>-->
<!--                        </observed>-->
<!--                    </fields>-->
<!--                </googlebase>-->
<!--            </groups>-->
<!--        </google>-->
    </sections>
</config>
